id,institution,year,summary,category,intent,actor_type,disclosure,outcome,chilling,dilemmas,source
1,Rochester Institute of Technology (RIT),~2018,"A researcher accessed the dark web to collect zero-day vulnerability data, encountering illegal content, hacker tools, and a fund-stealing script.",Dual-Use Research,Good faith (intended public benefit),Academic researcher,None (withheld),No charges filed,Yes,(i) Ethics of handling illegal data incidentally encountered; (ii) How to store/destroy sensitive research data; (iii) IRB gap for dark-web research; (iv) Obligation to report illegal content to authorities,https://www.scu.edu/media/ethics-center/technology-ethics/IntroToCybersecurityEthics.pdf
2,Massachusetts Institute of Technology (MIT) / MBTA,2008.0,Three MIT students found vulnerabilities in the MBTA subway ticketing system as a class project and planned to present at DEF CON. The MBTA sued under the CFAA and obtained a gag order; it was later lifted.,Legal Boundaries & CFAA Overreach,Good faith (intended public benefit),Student,Responsible/coordinated,Civil suit / Injunction,Yes,(i) Research freedom vs. legal liability; (ii) Using litigation to suppress legitimate security findings; (iii) Free speech rights of security researchers; (iv) Responsible disclosure timeline,https://www.scu.edu/media/ethics-center/technology-ethics/IntroToCybersecurityEthics.pdf
3,Andrew 'Weev' Auernheimer / AT&T (Arkansas),2010–2014,"Auernheimer scripted enumeration of AT&T's unsecured iPad endpoint, harvesting 114,000 email addresses and ICC-IDs. He shared the data with Gawker. Convicted under CFAA (41 months); vacated on venue grounds.",Legal Boundaries & CFAA Overreach,Ambiguous / gray area (mixed or unclear intent),Independent / contractor,Media-first,Convicted (later overturned/expunged),Yes,(i) Is scraping publicly accessible but unintended data unauthorized access under CFAA?; (ii) Responsible disclosure vs. media disclosure to maximize embarrassment; (iii) Chilling effect on legitimate security research; (iv) Corporate negligence vs. researcher culpability,https://www.scmagazine.com/news/vulnerability-management/security-researchers-file-appeal-for-weev-following-att-ipad-hack
4,Christopher Soghoian / Indiana University,2006.0,PhD student Soghoian built a web tool generating realistic fake TSA boarding passes to alert Congress to a long-known security flaw. The FBI raided his home; charges were eventually dropped.,Vulnerability Disclosure,Good faith (intended public benefit),Academic researcher,Provocation,Charged / dropped,Yes,(i) Is creating a working exploit to force policy change ethically justified?; (ii) Research freedom vs. real-world risk of tool misuse; (iii) Government pressure to suppress valid security findings; (iv) When does responsible disclosure become irresponsible provocation?,https://www.computerworld.com/article/1503458/fbi-smashes-fake-boarding-pass-guy-s-door-and-new-ghp.html
5,University of Sydney,~2018,Researchers sent realistic fake phishing emails to university staff and students without consent or prior debriefing to study social engineering responses. Some recipients experienced genuine stress.,Informed Consent & Human Subjects,Good faith (intended public benefit),Academic researcher,None (withheld),No charges filed,No,(i) Informed consent in deception-based cybersecurity experiments; (ii) Psychological harm to non-consenting participants; (iii) Whether IRBs are equipped to evaluate realistic cyber-deception studies; (iv) Institutional obligations when using own community as test subjects,https://www.cs.umd.edu/class/fall2023/cmsc614/papers/ethics-research-practice.pdf
6,University of Minnesota (UMN),2021.0,UMN researchers submitted deliberately buggy/malicious patches to the Linux kernel without consent to test maintainer review processes. Linux banned UMN from future contributions and reverted all prior commits.,Informed Consent & Human Subjects,Good faith (intended public benefit),Academic researcher,None (withheld),No charges filed,Yes,(i) Experimenting on open-source community without consent; (ii) Misuse of volunteer maintainer time; (iii) Risk of introducing real vulnerabilities into critical infrastructure; (iv) Publication of methods enabling similar attacks,https://www.bleepingcomputer.com/news/security/linux-bans-university-of-minnesota-for-committing-malicious-code/
7,Princeton University,~2017,Researchers studying web censorship placed JavaScript snippets on third-party websites; visiting users' browsers silently participated in the experiment without consent. Users in authoritarian countries faced potential state surveillance.,Informed Consent & Human Subjects,Good faith (intended public benefit),Academic researcher,None (withheld),No charges filed,No,(i) No informed consent from users whose computers were co-opted; (ii) Placing users at physical/legal risk in authoritarian regimes; (iii) Public interest vs. individual rights; (iv) IRB adequacy for research externalizing risk onto bystanders,https://www.cs.umd.edu/class/fall2023/cmsc614/papers/ethics-research-practice.pdf
8,Carnegie Mellon University (CMU / SEI),2014.0,"CMU researchers discovered a technique to de-anonymize Tor users by running malicious relay nodes. They planned to present at Black Hat but canceled. The FBI allegedly paid ~$1M to use the technique against Silk Road 2.0 users, sweeping thousands of non-criminal Tor users.",Informed Consent & Human Subjects,Ambiguous / gray area (mixed or unclear intent),Academic researcher,None (withheld),No charges filed,Yes,(i) Research on human subjects without consent; (ii) Withholding a vulnerability from the affected party (Tor Project); (iii) Financial incentives vs. ethical responsibility; (iv) Using academic research as outsourced law enforcement,https://www.schneier.com/blog/archives/2015/11/did_carnegie-me.html
9,University College London (UCL),~2014,"Researchers passively captured packets on open public Wi-Fi networks to analyze what personally identifiable information was transmitted in cleartext, finding widespread exposure of emails, login credentials, and location data.",Informed Consent & Human Subjects,Good faith (intended public benefit),Academic researcher,Responsible/coordinated,No charges filed,No,(i) Legality of passive interception of open Wi-Fi traffic (Wiretap Act / ECPA); (ii) Whether 'no login required' implies user consent to interception; (iii) IRB adequacy for research intercepting third-party communications; (iv) Publication alerting both attackers and defenders,https://www.cs.umd.edu/class/fall2023/cmsc614/papers/ethics-research-practice.pdf
10,University of Kent,~2016,Researchers simulated a ransomware attack in a controlled environment to understand propagation patterns. The paper provided sufficiently detailed technical methodology to raise dual-use concerns.,Dual-Use Research,Good faith (intended public benefit),Academic researcher,Responsible/coordinated,No charges filed,No,(i) Dual-use publication risk: detailed ransomware implementation as research artifact; (ii) Whether detailed technical methodology should be withheld even when experiment was ethical; (iii) Responsible disclosure to OS/software vendors before publication; (iv) Community norms around weapons-grade research in academic venues,https://www.scu.edu/media/ethics-center/technology-ethics/IntroToCybersecurityEthics.pdf
11,Multiple Universities (Honeypot Research),Ongoing,"Security researchers at multiple institutions deploy honeypot systems to attract and log real attacker activity without consent. Some cases involve researcher interaction with attackers, raising entrapment concerns.",Informed Consent & Human Subjects,Good faith (intended public benefit),Academic researcher,None (withheld),No charges filed,No,(i) Is studying criminal activity without consent ethical when 'subjects' are themselves acting illegally?; (ii) Entrapment vs. observation; (iii) Publishing attacker IP addresses and tools; (iv) Liability if honeypot is misused as a lateral pivot by attackers,https://cjil.uchicago.edu/print-archive/honeypot-stings-back-entrapment-age-cybercrime-and-proposed-pathway-forward
12,University of Birmingham (Keylogging),~2017,"Birmingham researchers studied keylogging malware behavior in a controlled lab, producing detailed technical documentation of how to implement effective keyloggers and evade detection — with obvious dual-use potential.",Dual-Use Research,Good faith (intended public benefit),Academic researcher,Responsible/coordinated,No charges filed,No,(i) Dual-use documentation: keylogger implementation guides as academic research; (ii) Unregulated OS/sensor access as research methodology; (iii) Deception inherent in research design; (iv) Whether publication of offensive tool techniques requires prior vendor notification,https://www.scu.edu/media/ethics-center/technology-ethics/IntroToCybersecurityEthics.pdf
13,University of Michigan (e-Voting),2010.0,"A Michigan security team authorized by DC election officials hacked a Washington DC internet voting pilot within 36 hours, gaining full control and modifying vote totals. DC cancelled the system; the team published full technical details.",Critical Infrastructure & Public Trust,Good faith (intended public benefit),Academic researcher,Responsible/coordinated,No charges filed,No,"(i) Does authorized pentesting of election infrastructure risk undermining public trust in democracy?; (ii) Full technical disclosure vs. limiting details that could enable copycat attacks; (iii) Academic freedom to publish results of authorized civic hacking; (iv) Coordination challenges between researchers, vendors, and election officials",https://www.scu.edu/media/ethics-center/technology-ethics/IntroToCybersecurityEthics.pdf
14,MedSec Holdings / Muddy Waters (St. Jude Medical),2016.0,"MedSec found serious vulnerabilities in St. Jude Medical cardiac implant devices. Rather than disclosing to the vendor, they partnered with investment firm Muddy Waters to short St. Jude's stock and released partial vulnerability details publicly.",Financial Conflict of Interest,"Financially motivated (profit, stock, bounty)",Corporate / private sector,Media-first,Civil suit / Injunction,Yes,(i) Financial conflict of interest in vulnerability disclosure; (ii) Potential patient risk from partial/premature disclosure; (iii) Bypassing coordinated disclosure entirely for profit; (iv) Whether short-selling on security research is legal/ethical,https://www.cs.umd.edu/class/fall2023/cmsc614/papers/ethics-research-practice.pdf
15,David Levin / Vanguard Cybersecurity / Florida Elections,2016.0,Pen-tester David Levin tested SQL injection vulnerabilities on a Florida county elections website without written authorization and was arrested for unauthorized access.,Legal Boundaries & CFAA Overreach,Good faith (intended public benefit),Corporate / private sector,None (withheld),Charged / dropped,Yes,(i) Unauthorized testing of public election infrastructure — crime or civic duty?; (ii) Whether pentesting without explicit written authorization can ever be 'ethical'; (iii) Chilling effect on election security research; (iv) Distinction between proof-of-concept testing and malicious intrusion,https://digitaltrends.com/?p=964877
16,Harvard University (Mobile App Reverse Engineering),~2012,"Harvard researchers reverse-engineered popular mobile applications to expose privacy risks and data leaks, violating app store terms of service and potentially IP rights in the process.",Dual-Use Research,Good faith (intended public benefit),Academic researcher,Responsible/coordinated,No charges filed,No,(i) Is reverse engineering software to expose privacy violations legally and ethically permissible?; (ii) Violation of ToS and IP rights in public-interest research; (iii) Responsible disclosure when app developers deny wrongdoing; (iv) IRB adequacy for research involving third-party software artifacts,https://www.cs.umd.edu/class/fall2023/cmsc614/papers/ethics-research-practice.pdf
17,University of Hawaii & Notre Dame (AI/ML Hijacking),~2022,"Researchers identified a supply-chain vulnerability in AI/ML model hosting platforms. After vendors were non-responsive, researchers published publicly to pressure remediation.",Vulnerability Disclosure,Good faith (intended public benefit),Academic researcher,Vendor non-responsive → public disclosure,No charges filed,No,(i) How long must researchers wait before publishing when vendors are non-responsive?; (ii) Does 'publish or die' academic incentive conflict with responsible disclosure timelines?; (iii) Liability if publishing before patch leads to exploitation; (iv) Whether AI/ML supply-chain vulnerabilities require a different disclosure framework,https://www.scu.edu/media/ethics-center/technology-ethics/IntroToCybersecurityEthics.pdf
18,NSO Group / Pegasus Spyware,2016–2021,"NSO Group sold Pegasus zero-click exploit suite to governments worldwide. A 2021 investigation found 50,000+ surveillance targets including journalists, human rights defenders, and opposition leaders across 45+ countries.",Surveillance & Offensive Tools,Malicious / reckless (knowingly harmful),Corporate / private sector,None (withheld),Sanctions / export restrictions (no criminal charges),Yes,(i) Ethics of selling powerful offensive cyber tools to authoritarian governments; (ii) Dual-use technology: legitimate law enforcement vs. repression of civil society; (iii) Liability of tool creators for end-user misuse; (iv) Whether private companies should be permitted to develop nation-state-grade offensive spyware,https://securitylab.amnesty.org/case-study-the-pegasus-project/
19,DarkMatter / Project Raven / Ex-NSA Operatives,2016–2019,"Three former NSA analysts working for UAE intelligence firm DarkMatter developed iOS zero-click exploits used to surveil dissidents, journalists, and US citizens. DOJ charged them in 2021; they escaped prison via a deferred prosecution agreement and $1.7M fine.",Surveillance & Offensive Tools,Malicious / reckless (knowingly harmful),Government / law enforcement,None (withheld),Deferred prosecution agreement,Yes,(i) Cyber-mercenaries using US intelligence training to oppress foreign dissidents; (ii) Export control violations (ITAR) for offensive cyber tools; (iii) Accountability gap: deferred prosecution lets former intelligence officers pay their way out; (iv) Revolving door between intelligence agencies and private offensive-cyber firms,https://cyberscoop.com/former-us-intelligence-ops-state-department/
20,Hacking Team Data Breach / Leak Ethics,2015.0,"Italian surveillance company Hacking Team was hacked; 400GB of data leaked to WikiLeaks revealing sales to Sudan, Ethiopia, and Bahrain. Researchers and journalists mined the data to expose clients and zero-days.",Dual-Use Research,Ambiguous / gray area (mixed or unclear intent),Journalist / activist / independent,Media-first,No charges filed,No,(i) Research ethics of using stolen/leaked corporate data; (ii) Whether exposing surveillance vendors justifies privacy violations of their employees; (iii) Researchers re-releasing zero-day exploits found in leaked data; (iv) Corporate accountability for selling offensive tools to authoritarian states,https://www.cyberdefensereport.org/featured/wrongful-arrests-of-ethical-hackers-2010-2020-how-misapplied-laws-turned-cybersecurity-pros-into-suspect/
21,J. Alex Halderman / Georgia Dominion Voting Machines,2017–2024,University of Michigan professor Halderman was given court-supervised access to Georgia's Dominion voting machines and developed proof-of-concept attacks. His sealed report was later partially unsealed and seized upon by election-denial conspiracy theorists.,Critical Infrastructure & Public Trust,Good faith (intended public benefit),Academic researcher,Responsible/coordinated,No charges filed,Yes,(i) Academic freedom vs. potential to fuel election misinformation; (ii) Whether sealed vulnerability research can remain secret in an adversarial legal setting; (iii) Risk that legitimate security findings are weaponized for political disinformation; (iv) Tension between public right to know and protecting public trust in elections,https://www.nbcnews.com/politics/elections/georgia-dominion-voting-machines-trial-rcna136275
22,Citizen Lab / FinFisher / State Surveillance,2012–2018,"Citizen Lab (University of Toronto) repeatedly identified and exposed governments using FinFisher spyware to surveil dissidents and journalists in Bahrain, Ethiopia, and Turkey, potentially tipping off targeted governments to improve their tradecraft.",Surveillance & Offensive Tools,Good faith (intended public benefit),Academic researcher,Responsible/coordinated,No charges filed,No,(i) Does publishing detailed attribution of surveillance operations tip off abusive governments?; (ii) Researcher responsibility to notify both victims and software vendors; (iii) Balance between academic publication norms and protecting at-risk human rights defenders; (iv) Whether Western companies should face consequences for selling spyware to authoritarian buyers,https://cyberscoop.com/isps-inside-turkey-egypt-spread-finfisher-spyware-massive-espionage-campaign/
23,Justin Shafer / Patterson Dental / FBI Raids,2016–2018,"Texas dental IT researcher Shafer found patient health data on a publicly accessible anonymous FTP server and reported it responsibly. Patterson Dental complained to the FBI; Shafer's home was raided three times. He spent 8 months in pretrial detention on cyberstalking charges (for Facebook posts), ultimately pleading to one misdemeanor.",Institutional Suppression,Good faith (intended public benefit),Independent / contractor,Responsible/coordinated,Plea to one misdemeanor,Yes,(i) 'Shoot the messenger' — vendor weaponizing CFAA against the person who exposed their negligence; (ii) Using cyberstalking statutes to silence researcher criticism of government overreach; (iii) Chilling effect: other researchers stopped disclosing after the raids; (iv) Pretrial detention as punishment before conviction,https://databreaches.net/2018/03/22/prosecution-drops-five-felony-charges-against-justin-shafer-accepts-plea-to-one-misdemeanor-charge/
24,Aaron Swartz / MIT / JSTOR,2011–2013,"Swartz bulk-downloaded ~4.8M academic articles from JSTOR using MIT's network, apparently intending to release them freely. JSTOR settled civilly and dropped charges; federal prosecutors charged him with 13 CFAA felonies (up to 50 years). Swartz died by suicide two days after rejecting a plea deal.",Legal Boundaries & CFAA Overreach,Good faith (intended public benefit),Journalist / activist / independent,None (withheld),Charged (case ended with death of defendant),Yes,(i) CFAA overcriminalization — was exceeding ToS really a felony?; (ii) Prosecutorial overreach when the victim (JSTOR) dropped the case; (iii) Open-access ideology vs. intellectual property law; (iv) Criminal penalties disproportionate to actual harm,https://en.wikipedia.org/wiki/Aaron_Swartz
25,Marcus Hutchins / WannaCry / Kronos Malware,2017.0,"Hutchins stopped the WannaCry ransomware by registering its kill-switch domain. Months later the FBI arrested him at DEF CON, alleging he helped develop the Kronos banking trojan in 2014–2015. He pleaded guilty to two CFAA counts and was sentenced to time served.",Legal Boundaries & CFAA Overreach,Ambiguous / gray area (mixed or unclear intent),Independent / contractor,None (withheld),Convicted (time served),Yes,(i) Should past black-hat activity negate subsequent white-hat contributions?; (ii) Arresting a researcher at a security conference as a deterrent tactic; (iii) Fairness of prosecuting juvenile/early-career offenses years later; (iv) Community trust in law enforcement collaboration with researchers,https://www.theguardian.com/technology/2017/aug/11/marcus-hutchins-arrested-wannacry-kronos-cybersecurity-experts-react
26,PunkSpider / QOMPLX (DEF CON),2021.0,"QOMPLX relaunched PunkSpider at DEF CON — a tool that mass-crawls the web for SQL injection, XSS, and path-traversal vulnerabilities and publishes results in a searchable public database, exposing real flaws in Kickstarter and LendingTree before notification.",Vulnerability Disclosure,Ambiguous / gray area (mixed or unclear intent),Corporate / private sector,Media-first,No charges filed,No,(i) Public disclosure of vulnerabilities before vendor notification; (ii) Dual-use: security tool vs. attack enablement; (iii) Scanning sites without owner consent (potential CFAA exposure); (iv) Whether 'pressure through shame' is an ethical remediation strategy,https://threatpost.com/punkspider-def-con-debate/168223/
27,University of Michigan / FTP: The Forgotten Cloud,2015.0,"Michigan researchers scanned the entire IPv4 address space without permission to identify anonymous FTP servers leaking sensitive data, finding over 1 million open servers. The FBI used the data but so did ransomware actors (TheDarkOverlord).",Dual-Use Research,Good faith (intended public benefit),Academic researcher,Responsible/coordinated,No charges filed,No,"(i) Ethical permissibility of internet-wide scanning without operator consent; (ii) Legal exposure under CFAA for automated access to systems not owned by researchers; (iii) Responsible disclosure when 1M+ vulnerable systems cannot all be notified; (iv) Dual-use: FBI used findings, but so did ransomware actors",https://www.bleepingcomputer.com/news/security/fbi-alert-urges-companies-to-secure-ftp-servers/
28,Indiana University / Xiao Wang FBI Investigation,2025.0,Prominent cybersecurity/privacy professor Xiao Wang had his home raided by the FBI in spring 2025 amid questions about undisclosed Chinese research funding from 2017–2018. No arrests or criminal charges had been filed at time of the raid.,Legal Boundaries & CFAA Overreach,Ambiguous / gray area (mixed or unclear intent),Academic researcher,None (withheld),Under investigation (no charges filed at time of reporting),Yes,(i) Duty to disclose foreign research funding on US federal grant applications; (ii) Academic freedom vs. national security concerns about foreign research entanglement; (iii) Due process when law enforcement raids without public criminal charges; (iv) Chilling effect on international research collaboration,https://arizonadigitalfreepress.com/lawyer-sheds-light-on-status-of-cybersecurity-professor-targeted-by-fbi/
29,Ola Bini / Ecuador / Privacy Tool Developer,2019.0,Swedish open-source developer and privacy-tool contributor Ola Bini was arrested in Ecuador concurrent with Assange's UK arrest. Prosecutors cited possession of technical books and Japanese anime as evidence of hacking intent. He was held without charges for months.,Legal Boundaries & CFAA Overreach,Good faith (intended public benefit),Journalist / activist / independent,None (withheld),Charged (politically motivated; international support campaign),Yes,(i) Criminalization of possession of security tools and technical literature as evidence of malicious intent; (ii) Politically motivated prosecution of security researchers; (iii) Due process rights of open-source developers; (iv) Chilling effect on privacy-tool development,https://www.eff.org/effector/32/12
30,Crisis Text Line / Data Sharing with Loris.ai,2022.0,"Crisis Text Line, a mental-health crisis nonprofit, shared detailed conversation data with Loris.ai, a for-profit spinoff, to train AI models sold to corporations. The arrangement was buried in the privacy policy; public outrage and investigations followed.",Informed Consent & Human Subjects,"Financially motivated (profit, stock, bounty)",Corporate / private sector,None (withheld),Regulatory investigation,Yes,(i) Informed consent: crisis users cannot meaningfully consent to commercial AI training of their data; (ii) Re-identification risk from 'anonymized' highly sensitive mental health data; (iii) Conflict of interest when nonprofit mission is compromised by commercial data partnerships; (iv) Whether 'disclosed in privacy policy' constitutes adequate consent,https://link.springer.com/chapter/10.1007/978-3-031-89063-5_13
31,Kennesaw State University / Georgia Election Server,2016–2017,"Logan Lamb found Georgia's entire election infrastructure server publicly accessible at KSU, containing voter registration data, passwords, and election management files. KSU wiped the server before the FBI could examine it during the subsequent investigation.",Critical Infrastructure & Public Trust,Good faith (intended public benefit),Independent / contractor,Responsible/coordinated,No charges filed (KSU; evidence destruction concerns),Yes,(i) Responsible disclosure failure when institutions do not respond to researcher notifications; (ii) Destruction of evidence after a researcher goes public; (iii) Whether researchers have an obligation to escalate beyond the institution when critical infrastructure is at risk; (iv) Accountability gap when election infrastructure is housed at an academic institution,https://atlantaciviccircle.org/2024/01/25/state-doesnt-understand-the-technology-plaintiffs-rest-their-case-in-trial-over-georgias-voting-machines/
32,Jason Parker / Georgia Voter Cancellation Portal,2024.0,"Independent researcher Jason Parker found a critical flaw in Georgia's online voter-cancellation portal: anyone knowing a voter's name, birth date, and county could cancel any voter's registration. He notified the Secretary of State's office; the office denied receiving the notification. ProPublica published the story; the flaw was quickly patched.",Vulnerability Disclosure,Good faith (intended public benefit),Independent / contractor,Responsible/coordinated,No charges filed,No,"(i) When a government office denies receiving researcher notification, what recourse does the researcher have?; (ii) Timing of media disclosure for critical election infrastructure vulnerabilities; (iii) Risk that responsible disclosure of election bugs becomes fodder for disinformation; (iv) Whether election officials' denial of researcher contact constitutes bad faith",https://www.propublica.org/article/cybersecurity-expert-finds-another-flaw-in-georgia-voter-portal
33,FBI / Operation Pacifier (Playpen / Tor),2014–2016,"The FBI operated a seized dark-web child exploitation site (Playpen) for 13 days, deploying a malware exploit (NIT) to de-anonymize ~1,500 Tor user suspects globally. A single warrant authorized the operation across 120+ countries. DOJ dropped some cases rather than reveal NIT technical details.",Surveillance & Offensive Tools,Good faith (intended public benefit),Government / law enforcement,None (withheld),Courts split on admissibility; some cases dropped,No,(i) Government use of malware as investigative technique without targeted warrants; (ii) Single warrant authorizing hacking of computers across 120+ countries; (iii) DOJ choosing to drop prosecutions rather than disclose offensive tools; (iv) Does fighting CSAM justify warrantless global hacking of Tor users?,https://www.schneier.com/blog/archives/2015/11/did_carnegie-me.html
34,IOActive / Smart City Infrastructure Research,2015–2018,"IOActive researchers found critical flaws in smart city infrastructure — traffic sensors, emergency-alert systems, water-control systems — through some unauthorized testing ('fire and forget' scan-and-test). Vendors were slow to patch; IOActive published technical details at DEF CON.",Vulnerability Disclosure,Good faith (intended public benefit),Corporate / private sector,Media-first,No charges filed,No,(i) Scanning municipal critical infrastructure without written permission; (ii) Full technical disclosure of infrastructure vulnerabilities when patches remain unavailable; (iii) Risk that published details of water/traffic attacks could cause physical harm; (iv) Whether researchers must wait longer when targets are critical infrastructure,https://www.scu.edu/ethics/internet-ethics-blog/ethical-dilemmas-in-cybersecurity/
35,iSight Partners / Sandworm Zero-Day,2014.0,"iSight Partners discovered Russian group Sandworm exploiting a Windows zero-day (CVE-2014-4114) to target NATO and Ukrainian government systems. iSight had used the intelligence for weeks before coordinating a patch release with Microsoft, monetizing it as a client intelligence product.",Financial Conflict of Interest,Ambiguous / gray area (mixed or unclear intent),Corporate / private sector,Responsible/coordinated,No charges filed,No,(i) Private threat-intelligence firms monetizing zero-day knowledge vs. immediate public disclosure; (ii) Whether commercial security sector should have a legal disclosure obligation; (iii) Conflict between client confidentiality and warning undefended third parties; (iv) Government contractors holding offensive capabilities creates asymmetric vulnerability landscape,https://www.scu.edu/ethics/internet-ethics-blog/ethical-dilemmas-in-cybersecurity/
36,University of Dhaka (Honeynet),2026.0,"Setting up a honeynet at University of Dhaka attracted over 63,000 attacks in 12 days, providing data on real attacker behavior and tactics.",Dual-Use Research,Good faith (intended public benefit),Academic researcher,Responsible/coordinated,No charges filed,No,(i) Ethical interaction with cybercriminals without encouraging illegal behavior; (ii) Entrapment vs. observation; (iii) Non-consent experimentation on criminals,https://blog.apnic.net/2026/01/14/what-we-learned-from-63000-attacks-in-12-days-on-apnic-honeynet-sensors-at-university-of-dhaka/
37,Johns Hopkins University (High-Interaction Honeypots),2024.0,JHU researchers deployed high-interaction honeypots to study real attacker behavior and TTPs in depth.,Dual-Use Research,Good faith (intended public benefit),Academic researcher,Responsible/coordinated,No charges filed,No,(i) Ethical interaction with cybercriminals without encouraging illegal behavior; (ii) Entrapment vs. observation; (iii) Non-consent experimentation on criminals,https://isi.jhu.edu/wp-content/uploads/2024/02/Honeypot_Paper_for_HoTSoS-2024-2.pdf
38,Bret McDanel / Tornado Development Inc.,2000.0,"McDanel, a former employee, emailed ~5,600 customers warning that the company's webmail system displayed login credentials in the browser address bar in plaintext. He was convicted under the CFAA and sentenced to 16 months. Conviction was later overturned after prosecutors admitted error.",Legal Boundaries & CFAA Overreach,Good faith (intended public benefit),Independent / contractor,Media-first,Convicted (later overturned),Yes,(i) Should warning customers about a security flaw ever count as a 'malicious code' offense?; (ii) What recourse exists for a wrongful felony conviction already served?; (iii) Chilling effect of CFAA's vague 'damage' language on good-faith disclosure,https://www.theregister.com/2003/10/15/prosecutors_admit_error_in_whistleblower
39,Daniel Cuthbert / Disaster Emergency Committee (UK),2004.0,"After donating to a tsunami relief site and receiving no confirmation page, security consultant Daniel Cuthbert manually tested the donation page for phishing signs. He was convicted under the UK Computer Misuse Act and fined — the first such conviction under that section.",Legal Boundaries & CFAA Overreach,Good faith (intended public benefit),Independent / contractor,None (withheld),Convicted (fined £400 + £600 costs),Yes,(i) Does intent matter under strict-liability computer-misuse statutes?; (ii) Should consumer self-protection checks ever be criminalized?; (iii) Career destruction disproportionate to harm caused,https://www.theregister.com/2005/10/06/tsunami_hacker_convicted/
40,Josh Renaud / Missouri DESE (St. Louis Post-Dispatch),2021.0,"Reporter Josh Renaud found teacher Social Security numbers exposed in a state website's HTML source code, verified it responsibly, and waited for a fix before publishing. Missouri Governor Parson publicly called him a 'hacker' and referred the case to prosecutors. No criminal intent was found; case was closed without charges.",Institutional Suppression,Good faith (intended public benefit),Journalist / activist / independent,Responsible/coordinated,No charges filed,Yes,(i) Should governments be able to relabel 'view source' inspection as criminal hacking to deflect blame?; (ii) Press freedom vs. official retaliation for embarrassing disclosures; (iii) Use of vague hacking rhetoric to chill future security journalism,https://missouriindependent.com/2022/02/23/claim-that-reporter-hacked-state-website-was-debunked-parson-still-says-hes-a-criminal/
41,Kevin Finisterre / DJI Bug Bounty,2017.0,"Finisterre found DJI's wildcard SSL certificate and AWS keys exposed on GitHub, accessing customer flight logs, passports, and IDs. After reporting through DJI's bug bounty, DJI allegedly threatened CFAA charges and required a restrictive NDA before paying the $30,000 bounty. Finisterre declined and published the dispute publicly.",Vulnerability Disclosure,Good faith (intended public benefit),Independent / contractor,Responsible/coordinated,No charges filed,Yes,(i) Can bug bounty confidentiality terms be used to suppress legitimate findings?; (ii) Threatening prosecution against a researcher acting within a company's disclosed scope; (iii) Power imbalance between corporate legal teams and individual researchers,https://gizmodo.com/dji-rewarded-bug-bounty-discovery-with-legal-threats-d-1820607994
42,Joseph Sullivan / Uber Data Breach Cover-Up,2016–2023,"Ten days after testifying to the FTC about Uber's security, Sullivan learned of a breach of 57M records. He arranged a $100K payment to hackers framed as a bug bounty and concealed the breach from the FTC. Convicted of obstruction and misprision of a felony; sentenced to three years' probation and $50K fine.",Financial Conflict of Interest,Malicious / reckless (knowingly harmful),Corporate / private sector,None (withheld),"Convicted (probation, $50K fine, 200 hours community service)",Yes,(i) Personal criminal liability of security executives for breach cover-ups; (ii) Where is the line between 'incident response' and witness tampering/concealment?; (iii) Should corporate leadership above the CSO share equal culpability?,https://www.justice.gov/usao-ndca/pr/former-chief-security-officer-uber-sentenced-three-years-probation-covering-data
43,Flavio Garcia / University of Birmingham (VW & Thales),2012–2015,Garcia and Dutch colleagues cracked the Megamos Crypto algorithm used in vehicle immobilizers across 26 car brands. Volkswagen and Thales obtained a UK High Court injunction blocking publication for ~2 years; it was lifted after researchers agreed to redact a single sentence.,Institutional Suppression,Good faith (intended public benefit),Academic researcher,Responsible/coordinated,Civil injunction (later lifted),Yes,(i) Should a manufacturer be able to suppress academic publication of a flaw in its own product?; (ii) Reverse engineering legitimately purchased hardware vs. 'breach of confidence'; (iii) Public's right to know about car-theft vulnerabilities vs. risk of enabling theft,https://www.lexology.com/library/detail.aspx?g=2d920b6d-6e18-42bd-b6db-6829e58fb71a
44,Radboud University / Bart Jacobs (NXP / Mifare Classic),2008.0,"After privately notifying NXP and the Dutch government, Radboud researchers prepared to publish a paper breaking the Mifare Classic transit-card chip (used by London's Oyster card). NXP sued; a Dutch court rejected the injunction, ruling academic freedom outweighed NXP's commercial interest.",Vulnerability Disclosure,Good faith (intended public benefit),Academic researcher,Responsible/coordinated,Civil suit (court ruled for researchers),No,(i) Should commercial harm from a disclosed flaw ever justify suppressing peer-reviewed research?; (ii) Academic freedom vs. critical-infrastructure (transit) security concerns; (iii) Adequacy of advance confidential notification before publication,https://www.sos.cs.ru.nl/applications/rfid/pressrelease-courtdecision.en.html
45,Eric McCarty / University of Southern California,2005–2006,"McCarty exploited a SQL injection flaw in USC's online applicant database, downloading seven records from a database containing 275,000+ applicants' SSNs, before anonymously reporting it. He pleaded guilty to CFAA charges; sentenced to probation and $36,800 restitution.",Legal Boundaries & CFAA Overreach,Ambiguous / gray area (mixed or unclear intent),Independent / contractor,Responsible/coordinated,"Convicted (probation, restitution)",Yes,(i) Does proving a vulnerability by exploiting it cross from research into a prosecutable crime?; (ii) Proportionality of felony record/restitution vs. alerting the university; (iii) Effect of 'bragging' online on prosecutorial framing of intent,https://www.justice.gov/archive/criminal/cybercrime/press-releases/2006/mccartyCharge.htm
46,Michael Lynn / Cisco / Black Hat 2005,2005.0,Lynn resigned from ISS on the morning of his Black Hat talk to warn that Cisco routers could be exploited for a self-propagating 'router worm.' Cisco and ISS obtained a federal injunction barring further dissemination; Lynn agreed to a permanent injunction surrendering all related materials.,Institutional Suppression,Good faith (intended public benefit),Corporate / private sector,Media-first,Civil injunction (permanent),Yes,(i) Using copyright/trade-secret claims to suppress a security warning after the fact; (ii) Researcher's duty to disclose imminent internet-scale risk vs. employer's IP claims; (iii) Chilling effect of corporate legal muscle on conference speakers,https://en.wikipedia.org/wiki/Ciscogate
47,Bill Demirkapi / Blackboard & Follett (Age 16),2017–2019,"A 16-year-old found SQL injection and access-control flaws exposing ~5 million student records. After Blackboard ignored him for months and Follett never responded, he pushed a mass notification to students, parents, and staff. Blackboard required an NDA before further conversation; the school suspended him for two days.",Vulnerability Disclosure,Good faith (intended public benefit),Student,Vendor non-responsive → mass user notification,Suspended from school (no criminal charges),No,(i) Is escalating to a mass alert ethical when normal disclosure channels are ignored by vendors?; (ii) Vendors using NDAs to control a minor researcher's ability to discuss findings; (iii) Industry-wide underinvestment in security for children's data,https://www.vice.com/en/article/teen-security-researcher-bill-demirkapi-suspended-for-exposing-vulnerabilities/
48,Paige Thompson / Capital One / AWS,2019–2025,"A former AWS engineer exploited misconfigured cloud storage to access data on ~106 million Capital One customers and planted cryptomining software on compromised servers. Convicted of wire fraud and computer intrusion; resentenced to time served, five years supervised release, and $40.7M restitution.",Legal Boundaries & CFAA Overreach,Malicious / reckless (knowingly harmful),Corporate / private sector,None (withheld),"Convicted (time served, supervised release, $40.7M restitution)",No,(i) Where is the line between legitimate cloud-misconfiguration research and felony data theft?; (ii) Should mental health and personal circumstances factor into sentencing for large-scale breaches?; (iii) Appellate oversight of 'too lenient' sentences for first-time offenders,https://cyberscoop.com/court-reimposes-original-sentence-for-capital-one-hacker/
49,Sakura Samurai / UN & Indian Government,2021.0,"Volunteer research group Sakura Samurai targeted organizations with published VDPs, finding exposed credentials giving access to 100,000+ UN employee records and credentials across 26 Indian government departments. They limited actions to verification and disclosed through official channels; no charges were filed.",Vulnerability Disclosure,Good faith (intended public benefit),Independent / contractor,Responsible/coordinated,No charges filed,No,(i) Does scanning specifically because an org has a VDP make later 'out of scope' findings authorized?; (ii) Should past black-hat convictions disqualify someone from later legitimate research?; (iii) Reliance on government agencies to respond competently once notified,https://en.wikipedia.org/wiki/Sakura_Samurai_(group)
50,Stefan Puffer / Harris County TX (Wi-Fi),2002.0,Puffer demonstrated to a county official and a reporter that the district clerk's new wireless network had no security. He was indicted on two CFAA-related counts carrying up to five years each; a jury acquitted him in about 15 minutes.,Legal Boundaries & CFAA Overreach,Good faith (intended public benefit),Independent / contractor,Media-first,Acquitted,Yes,(i) Should demonstrating a flaw to officials and media be treated identically to malicious intrusion?; (ii) Use of prosecution to deflect blame from the agency's own security failure; (iii) Jury nullification as a check on overbroad computer-crime statutes,https://www.theregister.com/2003/02/24/ethical_wireless_hacker_is_innocent/
51,Clayton Taylor Dillard / Wake Internal Medicine (Wi-Fi),2003.0,"An IT consultant accessed an unsecured medical practice wireless network, obtained patient billing and insurance records, and contacted the press and patients directly to publicize the clinic's lax security. He pleaded guilty to wireless computer intrusion — the first such conviction in the US.",Legal Boundaries & CFAA Overreach,Ambiguous / gray area (mixed or unclear intent),Independent / contractor,Media-first,Convicted (plea),Yes,"(i) Why did near-identical facts (Puffer acquitted, Dillard convicted) produce opposite outcomes?; (ii) Contacting patients/press directly vs. notifying the practice first; (iii) Patient privacy harm from the disclosure method itself, separate from the underlying flaw",https://www.theregister.com/2003/09/12/wifi_whistle_blower_faces_criminal/
52,Charlie Miller & Chris Valasek / Jeep Cherokee,2015–2019,Researchers remotely disabled a Jeep's transmission and brakes over its cellular-connected infotainment system while a journalist drove on the highway. This forced a recall of ~1.4 million vehicles; owners filed a class-action suit against FCA alleging the company knew of the architectural flaw since 2011.,Vulnerability Disclosure,Good faith (intended public benefit),Corporate / private sector,Provocation (public stunt to force recall),No charges filed; civil suit allowed to proceed,No,(i) Is a dramatic public stunt the only way to force a slow-moving manufacturer to patch a safety-critical flaw?; (ii) Consumer standing to sue over a vulnerability patched before real-world exploitation; (iii) Coupling safety-critical vehicle systems to internet-facing infotainment,https://news.sophos.com/en-us/2019/01/10/supreme-court-refuses-to-hear-fiat-chrysler-appeal-in-jeep-hacking-case/
53,David Ross ('Connor Goodwolf') / City of Columbus Ransomware,2024.0,"After Columbus downplayed a Rhysida ransomware breach, independent researcher Ross shared proof with local media that police personnel files, undercover officer identities, and 400,000+ residents' data were exposed. Columbus sued him and obtained a TRO; the city dropped the suit ~two months later under pressure from the EFF.",Institutional Suppression,Good faith (intended public benefit),Independent / contractor,Media-first,Civil suit (dropped),Yes,(i) Suing a whistleblower to manage a government's own breach-disclosure narrative; (ii) First Amendment limits on restraining someone from discussing already-public leaked data; (iii) Power asymmetry between a city government and an individual researcher,https://www.nbc4i.com/news/local-news/columbus/city-hack/columbus-drops-lawsuit-against-data-leak-whistleblower-connor-goodwolf-but-with-a-catch/
54,Dragon Sector / Newag SA (Poland),2026–present,"When Newag-built Impuls trains began locking up after independent-shop maintenance, Dragon Sector reverse-engineered the onboard software and found GPS-triggered lockout code designed to disable trains serviced by competitors. Newag sued for copyright infringement and defamation; at the first hearing Newag conceded researchers had not modified any train software.",Institutional Suppression,Good faith (intended public benefit),Independent / contractor,Media-first,Civil suit (ongoing),Yes,(i) Manufacturers using anti-repair 'DRM' embedded in safety-critical infrastructure; (ii) Suing researchers for exposing the lockout rather than addressing it (right-to-repair); (iii) Criminal investigations opened against disclosers rather than the manufacturer,https://fsfe.org/news/2025/news-20250407-01.en.html
55,Wesley Wineberg / Facebook / Instagram Bug Bounty,2015.0,"Through Facebook's bug bounty, Wineberg found an RCE flaw on an Instagram server, then continued probing and obtained SSL/signing keys and access to Amazon storage buckets. Facebook's CSO contacted Wineberg's employer to push back; Facebook denied threatening legal action but said further exfiltration was unauthorized.",Vulnerability Disclosure,Good faith (intended public benefit),Independent / contractor,Responsible/coordinated,No charges filed (employer pressure applied),Yes,(i) Where does legitimate 'proof of impact' end and unauthorized data exfiltration begin within a bug bounty's scope?; (ii) Going around a researcher to pressure their employer instead of addressing the researcher directly; (iii) Ambiguity in bug bounty terms about how far a researcher may go to demonstrate severity,https://www.theregister.com/2015/12/18/facebook_gagged_researcher_over_critical_flaw/
56,Hendrik H. / Modern Solution GmbH (Germany),2021–2025,"While fixing a client's software, an IT contractor found a hardcoded plaintext database password in an executable, used it to confirm the scope of exposure (nearly 700,000 customer records), and reported it. Modern Solution reported him to police instead. He was ultimately convicted of unlawful data access and fined €3,000.",Legal Boundaries & CFAA Overreach,Good faith (intended public benefit),Independent / contractor,Responsible/coordinated,"Convicted (€3,000 fine, upheld on appeal)",Yes,(i) Should using a password the vendor itself left in plaintext constitute criminal 'unauthorized access'?; (ii) Criminalizing the verification step required to confirm a vulnerability is real; (iii) Disparity between vendor's negligence (unpunished) and researcher's penalty (criminal record),https://www.heise.de/en/news/Modern-Solution-Convicted-IT-expert-files-constitutional-complaint-10573836.html
57,Randal L. Schwartz / Intel Corporation,1993–2007,"Former Intel contractor Schwartz ran a password-cracking tool against Intel's systems, saying he wanted to demonstrate that security had deteriorated since his departure. Convicted of three Oregon felony counts; sentenced to probation, 480 hours community service, and $68,000 restitution. Conviction set aside and expunged in 2007.",Legal Boundaries & CFAA Overreach,Ambiguous / gray area (mixed or unclear intent),Independent / contractor,None (withheld),Convicted (later expunged),Yes,(i) Should 'improving security' justify unauthorized access against a former employer's systems?; (ii) Multi-decade reputational and financial cost of a later-overturned felony conviction; (iii) Employer's choice to pursue criminal prosecution rather than civil/internal remedies,https://www.theregister.com/2007/03/05/intel_hacker_charges_quashed/
58,Dmitry Sklyarov / ElcomSoft / Adobe DMCA,2001.0,Russian ElcomSoft employee Sklyarov was arrested by the FBI immediately after his DEF CON talk on breaking Adobe eBook encryption — the first criminal charge under the DMCA. Held in custody then under travel restriction before a deal requiring his testimony against ElcomSoft in exchange for dropped charges.,Legal Boundaries & CFAA Overreach,Good faith (intended public benefit),Academic researcher,Media-first,Charged (charges dropped in exchange for testimony),Yes,(i) Should conduct legal in a researcher's home country (Russia) trigger US criminal arrest at a US conference?; (ii) Conference attendance as a venue for law enforcement action against speakers; (iii) Using one defendant's testimony as leverage to convict their employer,https://www.eff.org/cases/us-v-elcomsoft-sklyarov
59,Matthew Green & bunnie Huang v. DOJ (DMCA / Section 1201),2016–2024,"Johns Hopkins cryptographer Matthew Green and engineer Andrew 'bunnie' Huang filed a First Amendment challenge (via EFF) against Section 1201 of the DMCA, arguing it unconstitutionally prevented Green from publishing security research on commercial devices and Huang from building a legitimate video-stream device. Green said DMCA fear caused him to decline to investigate certain devices and chilled him from disclosing vulnerabilities. The DC Circuit ultimately upheld the DMCA's anti-circumvention provisions in 2024, finding they regulate conduct not speech.",Legal Boundaries & CFAA Overreach,Good faith (intended public benefit),Academic researcher,None (withheld),Civil suit / Injunction,Yes,"(i) Does the DMCA's anti-circumvention provision unconstitutionally chill security research that requires bypassing DRM?; (ii) Should researchers be required to apply for triennial exemptions to do work that would otherwise be protected fair use?; (iii) How does the chilling effect of potential prosecution shape what security vulnerabilities get investigated and disclosed?; (iv) When researchers self-censor to avoid legal risk, who bears the cost in terms of undetected vulnerabilities?",https://www.eff.org/cases/green-v-us-department-justice
60,In Re Yahoo! Inc. Customer Data Security Breach Litigation,2016–2020,Yahoo suffered a series of massive data breaches (2013–2016) affecting all 3 billion user accounts. Yahoo's security team was aware of the 2014 breach for over two years before public disclosure; executives disclosed the breaches only when required during Verizon's acquisition negotiations. Shareholders and users filed securities class action suits alleging Yahoo's leadership concealed material information about the breaches from investors and the public.,Financial Conflict of Interest,Ambiguous / gray area (mixed or unclear intent),Corporate / private sector,None (withheld),Civil suit / Injunction,No,(i) At what point does delayed breach disclosure cross from incident response into material omission for securities fraud?; (ii) What is a CSO/CISO's personal duty when corporate leadership decides to delay disclosure?; (iii) Acquisition context: does a pending merger change the calculus of when a breach must be disclosed?; (iv) Are current securities laws adequate to deter corporate concealment of large-scale breaches?,https://scholar.google.com/scholar_case?case=15748162580717534372
61,"In Re Okta, Inc. Securities Litigation",2022–2023,"Okta suffered a breach by the Lapsus$ hacking group in January 2022 but did not publicly disclose it for over two months, and only after a hacker posted screenshots publicly. When Okta did disclose, executives initially downplayed the scope, later admitting that all Okta customer support users' data had been accessed. Shareholders filed a securities class action alleging Okta made materially false and misleading statements about the breach's scope and timing.",Financial Conflict of Interest,Ambiguous / gray area (mixed or unclear intent),Corporate / private sector,None (withheld),Civil suit / Injunction,No,"(i) When a company minimizes a breach publicly while knowing the full scope internally, is that fraud or legitimate incident response?; (ii) What is the appropriate disclosure timeline when breach scope is still being investigated?; (iii) Does downplaying a breach to avoid stock impact constitute securities fraud even if the company later corrects the record?; (iv) How should security executives balance legal counsel's advice against ethical obligations to customers?",https://scholar.google.com/scholar_case?case=15500066642214428117
62,In Re Equifax Inc. Securities Litigation,2017–2020,"Equifax suffered a breach in May 2017 exposing the personal data of 147 million Americans. Equifax's CISO and CIO sold millions in company stock weeks after the breach was discovered internally but before public disclosure. The SEC investigated for insider trading; the CISO was later indicted on insider trading charges. Shareholders filed a massive securities class action; Equifax ultimately settled with the FTC, CFPB, and states for $575M+.",Financial Conflict of Interest,Malicious / reckless (knowingly harmful),Corporate / private sector,None (withheld),Convicted,No,"(i) Does selling stock after learning of a breach but before public disclosure constitute insider trading, regardless of intent?; (ii) What personal criminal liability do security executives bear for their company's breach concealment?; (iii) Should a CISO who discovers a breach be required to immediately notify the board even if doing so triggers premature disclosure?; (iv) Are mandatory breach disclosure timelines the right policy lever, or do they just create liability without improving security?",https://scholar.google.com/scholar_case?case=8586532126035108911
63,AFGE v. OPM (Federal Employee / Security Clearance Data Breach),2015–2019,"The Office of Personnel Management (OPM) suffered a breach in 2014–2015 that exposed background investigation files of 21.5 million current and former federal employees, including SF-86 security clearance forms with deeply sensitive personal information. OPM had been warned repeatedly about its poor cybersecurity posture but failed to act. The American Federation of Government Employees sued; courts ultimately dismissed on standing grounds, but the case raised profound questions about government accountability for protecting its employees' most sensitive data.",Critical Infrastructure & Public Trust,Ambiguous / gray area (mixed or unclear intent),Government / law enforcement,None (withheld),Civil suit / Injunction,No,"(i) What duty of care does a government agency owe its employees when it holds their most sensitive personal and national security data?; (ii) When repeated security warnings are ignored and a catastrophic breach occurs, who bears personal accountability?; (iii) Should federal employees whose security clearance files were stolen have a right to sue for damages?; (iv) Does sovereign immunity effectively shield government agencies from accountability for catastrophic security failures?",https://scholar.google.com/scholar_case?case=4947494328751186587
64,hiQ Labs v. LinkedIn Corp.,2017–2022,"hiQ, a data analytics company, scraped public LinkedIn profiles using automated bots to build workforce analytics products. LinkedIn sent a cease-and-desist and blocked hiQ's access. hiQ sued; the Ninth Circuit twice ruled that scraping publicly accessible data likely does not violate the CFAA because 'without authorization' requires a gate/barrier the scraper bypassed. The Supreme Court vacated and remanded in light of Van Buren. Ultimately hiQ settled, agreeing to a $500K judgment and permanent injunction after LinkedIn won on breach-of-contract grounds using fake profile creation.",Legal Boundaries & CFAA Overreach,"Financially motivated (profit, stock, bounty)",Corporate / private sector,None (withheld),Civil suit / Injunction,Yes,(i) Is scraping publicly accessible data 'unauthorized access' under the CFAA if no password or authentication barrier was bypassed?; (ii) Can a company weaponize the CFAA to prevent a competitor from accessing data that users themselves made public?; (iii) Where is the line between lawful data collection for research/analysis and commercial exploitation of user-generated public data?; (iv) Does the CFAA's broad interpretation give large platforms de facto monopoly control over public data?,https://scholar.google.com/scholar_case?case=6480752451188041120
65,Universal City Studios v. Corley / Reimerdes (DeCSS / DMCA),2000–2001,"2600 Magazine publisher Eric Corley (Emmanuel Goldstein) posted the DeCSS code — a program that decrypted DVD copy protection — on his website and linked to other sites hosting it. The movie studios sued under the DMCA's anti-trafficking provision. The Second Circuit upheld the injunction, ruling that computer code posting is regulable conduct under intermediate First Amendment scrutiny and that the DMCA's anti-trafficking provision was constitutional. The case became the defining early test of whether publishing security-relevant code is protected speech.",Institutional Suppression,Good faith (intended public benefit),Journalist / activist / independent,Media-first,Civil suit / Injunction,Yes,(i) Is publishing functional security/encryption code protected First Amendment speech?; (ii) Can the DMCA's anti-trafficking provision constitutionally prohibit publication of code that has legitimate research and interoperability uses?; (iii) Does linking to a site hosting prohibited code make a publisher liable under the DMCA?; (iv) Who gets to define the boundary between security research tools and circumvention devices?,https://scholar.google.com/scholar_case?case=5930508913825375010
66,DVD Copy Control Assn v. Bunner (DeCSS — California),2001–2003,"In a parallel California state court case to Corley, the DVD Copy Control Association sued Andrew Bunner for posting DeCSS under trade secret law (not DMCA). The California Court of Appeal initially upheld a preliminary injunction as a prior restraint on speech, but the California Supreme Court reversed — ruling that the First Amendment required a fuller inquiry before restraining publication, since the code had already spread widely across the internet. The case raised the question of whether trade secret law could suppress already-public security information.",Institutional Suppression,Good faith (intended public benefit),Journalist / activist / independent,Media-first,Civil suit / Injunction,Yes,(i) Can trade secret law justify a prior restraint on publication of security-relevant code that has already spread widely on the internet?; (ii) At what point does information become 'too public' to still qualify as a protectable trade secret?; (iii) Does the First Amendment protect redistribution of security code even if the original acquisition was improper?; (iv) Should courts balance the chilling effect on security research before granting injunctions against code publication?,https://scholar.google.com/scholar_case?case=12355041791084550764
67,Davidson & Associates v. Jung (Battle.net / bnetd reverse engineering),2005.0,"Developers reverse-engineered Blizzard's Battle.net gaming service to build 'bnetd,' a free open-source server that let players run their own game servers. Blizzard sued under the DMCA and breach of the end-user license agreement (EULA). The Eighth Circuit ruled against the developers, finding that the EULA's prohibition on reverse engineering was enforceable and that reverse engineering to achieve interoperability did not qualify for the DMCA's interoperability exception because the developers had agreed to the EULA. The case chilled open-source interoperability work.",Legal Boundaries & CFAA Overreach,Good faith (intended public benefit),Independent / contractor,None (withheld),Civil suit / Injunction,Yes,(i) Can an EULA contractually waive the DMCA's statutory right to reverse engineer for interoperability?; (ii) Is building a compatible open-source alternative to a proprietary service a legitimate security/research activity or IP infringement?; (iii) Should agreeing to a ToS/EULA strip a researcher of rights they would otherwise have under the DMCA's interoperability exception?; (iv) How does this ruling affect security researchers who need to reverse-engineer software they've licensed to find vulnerabilities?,https://scholar.google.com/scholar_case?case=5463280175310353497
68,Bernstein v. US Dept. of State (Snuffle encryption export case),1995–1999,"UC Berkeley grad student Daniel Bernstein wrote an encryption program called 'Snuffle' and wanted to publish it and an academic paper explaining it. The State Department classified the software as a 'munition' under the International Traffic in Arms Regulations (ITAR), requiring an export license to publish. EFF represented Bernstein; the Ninth Circuit ultimately ruled that source code is speech protected by the First Amendment and that the ITAR licensing scheme was an unconstitutional prior restraint. The case was foundational in establishing that encryption source code is protected expression and helped end ITAR controls on encryption.",Legal Boundaries & CFAA Overreach,Good faith (intended public benefit),Academic researcher,None (withheld),Civil suit / Injunction,Yes,"(i) Is encryption source code 'speech' protected by the First Amendment, or purely functional 'conduct' that can be regulated without First Amendment scrutiny?; (ii) Can the government require a license before a researcher publishes an academic paper containing functional encryption code?; (iii) Do national security interests in controlling encryption export justify prior restraint on academic publication?; (iv) How should the law treat dual-use academic research that has both civilian security value and potential military/intelligence applications?",https://scholar.google.com/scholar_case?case=114991681069810012
69,Cobell v. Norton — BIA Internet Disconnection / Security Audit,2001.0,"In a class action over mismanagement of Native American trust accounts, a court-appointed security expert found that the Bureau of Indian Affairs' computer systems were so insecure that the judge ordered the entire Interior Department's internet connectivity disconnected until security could be verified. The case raised profound questions about what a court can order when government IT security failures endanger beneficiaries' financial data — and who bears accountability when critical government systems fail basic security standards.",Critical Infrastructure & Public Trust,Good faith (intended public benefit),Government / law enforcement,Responsible/coordinated,Civil suit / Injunction,No,"(i) Can a court order a government agency to disconnect from the internet as a security remedy?; (ii) What accountability mechanisms exist when a government agency's repeated security failures endanger the financial data of a vulnerable population?; (iii) Who should conduct security audits of government systems — internal auditors, independent experts, or adversarial testers?; (iv) When a security audit reveals catastrophic failure, how should findings be disclosed without creating additional risk?",https://scholar.google.com/scholar_case?case=15420219403183695313
70,United States v. Verkada Inc. (Mass Surveillance Camera Breach),2021–2024,"Hacker collective Tillie Kottmann breached Verkada, a cloud-based security camera company, accessing live feeds from 150,000+ cameras inside hospitals, prisons, Tesla factories, and schools. Kottmann claimed the breach was meant to expose the pervasiveness of mass surveillance. Verkada was later fined $2.95M by the FTC for inadequate security practices. Kottmann was indicted on conspiracy charges; the case raised questions about whether exposing surveillance infrastructure is a legitimate form of security activism.",Surveillance & Offensive Tools,Ambiguous / gray area (mixed or unclear intent),Independent / contractor,Media-first,Indicted (Kottmann); FTC civil action against Verkada ($2.95M fine),No,"(i) Is breaching a surveillance company to expose its reach a form of protected political/security activism or straightforward criminal hacking?; (ii) Does the target being a surveillance company change the ethical calculus of an unauthorized breach?; (iii) What accountability should cloud security camera vendors face when their poor security exposes sensitive environments like hospitals and prisons?; (iv) When a vendor's negligence enables mass surveillance exposure, who bears moral responsibility — the hacker or the vendor?",https://scholar.google.com/scholar_case?case=13248348867955793436
71,BlackSuit Ransomware / KCKPD / Wired & KCUR (Kansas City Police Misconduct List),2024–2025,"The BlackSuit ransomware gang breached the Kansas City, Kansas Police Department in May 2024, stealing over 1TB of data including a secret Giglio/Veracity Disclosure List naming 62 current and former officers with misconduct so serious it could impeach their testimony. After KCKPD refused to pay the ransom, BlackSuit published the data. Transparency nonprofit Distributed Denial of Secrets hosted the data, restricting access to journalists, researchers, and defense attorneys. WIRED and KCUR published an investigation revealing officers with serious misconduct records — including sexual harassment, excessive force, and false arrests — who had been retained or promoted.",Dual-Use Research,Good faith (intended public benefit),Journalist / activist / independent,Media-first,No charges filed,No,"(i) Is it ethical for journalists and researchers to analyze and publish findings from data stolen by ransomware criminals, when the findings expose genuine government misconduct?; (ii) Does restricting access to journalists, researchers, and defense attorneys adequately mitigate the harms of publishing stolen government data?; (iii) Does the public interest in police accountability ever justify using data obtained by criminal actors?; (iv) What is the difference between this and the Hacking Team case — does the target's identity (law enforcement vs. surveillance vendor) change the ethical analysis?",https://www.wired.com/story/hack-exposes-kansas-city-kansas-polices-secret-misconduct-list/
72,IT Consultant Fined for Exposing Shoddy Security (Germany / Modern Solution parallel),2024.0,"A German IT consultant discovered a security vulnerability at a client's system and reported it. Instead of addressing the flaw, the company reported the consultant to police. The consultant was fined for unauthorized access under German law, even though their intent was to expose and report the vulnerability. The case closely parallels the Modern Solution GmbH case (C056) and reflects a broader pattern in German jurisprudence of criminalizing good-faith vulnerability verification.",Legal Boundaries & CFAA Overreach,Good faith (intended public benefit),Independent / contractor,Responsible/coordinated,Convicted,Yes,(i) Should accessing a system to verify the scope of a vulnerability you discovered constitute criminal 'unauthorized access'?; (ii) Is reporting a security flaw to the company that hired you sufficient authorization to investigate it?; (iii) How does German computer crime law compare to the CFAA in its treatment of good-faith security researchers?; (iv) What legal safe harbors should exist for contractors who discover vulnerabilities in systems they are hired to work on?,https://forums.theregister.com/forum/all/2024/01/19/germany_fine_security/
73,Microsoft / Nightmare Eclipse (Windows Defender & BitLocker Zero-Days),2026.0,"An anonymous researcher known as 'Nightmare Eclipse' publicly disclosed six unpatched Windows vulnerabilities — including flaws in Defender and BitLocker — after alleging that Microsoft deleted their MSRC (Security Response Center) account, withheld bounty payments, and removed their attribution from an advisory. Three of the six disclosed vulnerabilities (BlueHammer, RedSun, UnDefend) were subsequently exploited in real-world attacks and added to CISA's Known Exploited Vulnerabilities catalog. Microsoft's Digital Crimes Unit publicly threatened criminal prosecution; the researcher was also banned from GitHub and GitLab. The cybersecurity community largely sided with the researcher, with veterans warning Microsoft's stance would chill future disclosure.",Vulnerability Disclosure,Ambiguous / gray area (mixed or unclear intent),Independent / contractor,Media-first,No charges filed,Yes,"(i) When a company allegedly mistreats a researcher — deleting their account, withholding bounty payments, removing attribution — does that researcher bear ethical responsibility for subsequently publishing unpatched vulnerabilities?; (ii) Is 'full disclosure' of an unpatched vulnerability ever ethically justified as a last resort against an unresponsive or hostile vendor?; (iii) Does threatening a researcher with criminal prosecution for disclosing bugs create a chilling effect that ultimately harms users more than the disclosure itself?; (iv) Who bears moral responsibility when a researcher-disclosed vulnerability is exploited in the wild — the researcher or the vendor that failed to patch it?",https://www.pcmag.com/news/microsoft-threatens-researcher-over-bug-reports-triggers-cybersecurity
74,DJI / Researcher Bug Bounty Quarrel (Kevin Finisterre — extended / SecurityWeek),2017.0,"Security researcher Kevin Finisterre found DJI's wildcard SSL certificate and AWS S3 bucket access keys exposed on GitHub, potentially exposing customer flight logs, passports, and ID documents. When he reported through DJI's newly launched bug bounty program, DJI allegedly threatened CFAA prosecution and demanded he sign a restrictive NDA before receiving the $30,000 bounty. DJI disputed Finisterre's characterization. Finisterre declined the money and published his account publicly. The case became a template for how bug bounty programs can be used to silence researchers rather than reward them.",Vulnerability Disclosure,Good faith (intended public benefit),Independent / contractor,Responsible/coordinated,No charges filed,Yes,"(i) Can a bug bounty program's NDA terms be used to effectively suppress a researcher's ability to discuss findings that are already known to the company?; (ii) Is threatening CFAA prosecution against a researcher who operated within a company's own published bug bounty scope an abuse of the legal process?; (iii) What power imbalances exist between corporate legal teams and individual researchers, and how should bug bounty programs be regulated to address them?; (iv) Does a vendor's threat of prosecution after the fact constitute retroactive withdrawal of implied authorization to test?",https://www.securityweek.com/drone-maker-dji-researcher-quarrel-over-bug-bounty-program/
75,WinPot ATM Jackpotting Malware (Academic Study),~2023,"Academic researchers published a holistic study of WinPot ATM jackpotting malware — a strain used by criminal groups to force ATMs to dispense cash — analyzing its attack vectors, exploitation techniques, and defensive countermeasures in detail. The paper provided comprehensive technical documentation of how ATM jackpotting works, raising dual-use concerns that the level of technical detail could serve as an implementation guide for criminal actors even as it aimed to advance defensive knowledge.",Dual-Use Research,Good faith (intended public benefit),Academic researcher,Responsible/coordinated,No charges filed,No,"(i) How much technical detail is appropriate in academic publications about criminal malware when the same detail that helps defenders also helps attackers?; (ii) Should researchers publishing analyses of criminal tools be required to coordinate with affected vendors (ATM manufacturers, banks) before publication?; (iii) Is studying and publishing criminal malware ethically different from studying and publishing proof-of-concept researcher-written exploits?; (iv) What responsibility do academic publishers and program committees bear for the dual-use risk of papers they accept?",https://www.academia.edu/161271126/WinPot_ATM_Jackpotting_Malware_A_Holistic_and_Deterministic_Study_of_Attack_Vectors_Exploitation_Techniques_and_Defensive_Countermeasures_in_Cyber_Physical_Financial_Systems
76,"Timnit Gebru / Google / ""Stochastic Parrots""",2020.0,"Google researcher co-authored a paper discussing risks of large language models. Google demanded retraction, and after refusing, Gebru was forced out of the company.",Institutional Suppression,Good faith (intended public benefit),Corporate / private sector,None (withheld),No charges filed,Yes,(i) Corporate influence over AI ethics research; (ii) Academic freedom vs. employer interests; (iii) Suppression of critical AI research; (iv) Research independence,https://www.technologyreview.com/2020/12/04/1013294/google-ai-ethics-research-paper-forced-out-timnit-gebru/
77,OpenAI NDA / SEC Whistleblower Complaint,2024.0,Former employees alleged OpenAI used restrictive NDAs that discouraged employees from raising safety concerns to regulators.,Institutional Suppression,Good faith (intended public benefit),Corporate / private sector,Regulatory disclosure,Regulatory investigation,Yes,(i) Whistleblower protections; (ii) AI safety transparency; (iii) Employer retaliation; (iv) Public interest vs. corporate secrecy,https://www.reuters.com/technology/openai-whistleblowers-ask-sec-investigate-restrictive-non-disclosure-agreements-2024-07-13/
78,"Nasr, Carlini et al. / ChatGPT Training Data Extraction",2023.0,Researchers demonstrated that ChatGPT could reveal portions of its training data through carefully crafted prompts.,Dual-Use Research,Good faith (intended public benefit),Academic researcher,Responsible/coordinated,No charges filed,No,(i) Publishing techniques that could be abused; (ii) AI transparency vs. misuse; (iii) Responsible disclosure for foundation models,https://arxiv.org/abs/2311.17035
79,Suchir Balaji / OpenAI,2024.0,Former OpenAI researcher publicly criticized the company's use of copyrighted material for AI training and became a whistleblower.,Institutional Suppression,Good faith (intended public benefit),Corporate / private sector,Media-first,No charges filed,Yes,(i) Whistleblowing vs. confidentiality; (ii) Copyright in AI training; (iii) Corporate accountability,https://www.nytimes.com/2024/10/23/technology/openai-copyright-law.html
80,Joy Buolamwini & Timnit Gebru / Gender Shades,2018.0,Researchers demonstrated racial and gender bias in commercial facial recognition systems.,Critical Infrastructure & Public Trust,Good faith (intended public benefit),Academic researcher,Responsible/coordinated,No charges filed,No,(i) Algorithmic bias; (ii) Public safety; (iii) Fairness in AI systems; (iv) Ethical deployment of facial recognition,https://proceedings.mlr.press/v81/buolamwini18a.html
81,Robert Williams / Detroit Police,2020.0,Robert Williams was wrongfully arrested after being misidentified by facial recognition software.,Critical Infrastructure & Public Trust,Institutional action against researcher,Government / law enforcement,None (withheld),Civil suit / Injunction,No,(i) Reliability of facial recognition; (ii) Civil rights; (iii) Government accountability; (iv) AI bias,https://www.aclu.org/cases/williams-v-city-of-detroit-face-recognition-false-arrest
82,Clearview AI / ACLU,2020.0,ACLU sued Clearview AI over scraping billions of facial images without consent.,Surveillance & Offensive Tools,"Financially motivated (profit, stock, bounty)",Corporate / private sector,None (withheld),Civil suit / Injunction,No,(i) Mass biometric surveillance; (ii) Privacy; (iii) Consent; (iv) Commercial surveillance,https://www.aclu.org/cases/aclu-v-clearview-ai
83,Apple v. Corellium,2019-2023,Apple sued Corellium over software used by security researchers to analyze iOS vulnerabilities.,Institutional Suppression,Good faith (intended public benefit),Corporate / private sector,Responsible/coordinated,Civil suit / Injunction,Yes,(i) Copyright vs. security research; (ii) Research tool legality; (iii) Vendor retaliation,https://law.justia.com/cases/federal/appellate-courts/ca11/21-12835/21-12835-2023-05-08.html
84,Felten v. RIAA,2001.0,Researchers were threatened with DMCA litigation for publishing research on breaking digital watermarking.,Legal Boundaries & CFAA Overreach,Good faith (intended public benefit),Academic researcher,Research publication,Civil suit / Injunction,Yes,(i) DMCA chilling research; (ii) Academic freedom; (iii) Disclosure rights,https://www.eff.org/cases/felten-et-al-v-riaa-et-al
85,Erik Johnson / Proctorio,2020-2022,Security researcher criticized Proctorio's software and faced DMCA takedown attempts.,Institutional Suppression,Good faith (intended public benefit),Independent / contractor,Media-first,Civil suit / Injunction,Yes,(i) Abuse of copyright law; (ii) Research criticism; (iii) Chilling effects,https://www.eff.org/deeplinks/2022/03/eff-client-eric-johnson-and-proctorio-settle-lawsuit-over-bogus-dmca-claims
86,Dennis Giese,2024.0,Researcher disclosed vulnerabilities in robotic vacuums and received a cease-and-desist before DEF CON.,Institutional Suppression,Good faith (intended public benefit),Independent / contractor,Responsible/coordinated,Civil threat,Yes,(i) Corporate retaliation; (ii) Responsible disclosure; (iii) Research freedom,https://dontvacuum.me/
87,Canadian Security Researcher (FOIA records),2018.0,Researcher downloaded publicly exposed government records and was criminally charged.,Legal Boundaries & CFAA Overreach,Good faith (intended public benefit),Independent / contractor,Responsible/coordinated,Charged / dropped,Yes,(i) Publicly accessible data; (ii) Criminalizing research; (iii) Government accountability,https://globalnews.ca/news/4191414/halifax-police-data-breach/
88,Diego Gómez,2014.0,Colombian graduate student was prosecuted for sharing an academic paper online.,Legal Boundaries & CFAA Overreach,Good faith (intended public benefit),Student,Media-first,Charged / dropped,Yes,(i) Open access; (ii) Copyright; (iii) Academic freedom,https://www.eff.org/deeplinks/2017/05/diego
89,Chris Roberts / United Airlines,2015.0,Airline researcher reported aircraft security concerns and was detained by the FBI after tweeting about them.,Critical Infrastructure & Public Trust,Good faith (intended public benefit),Independent / contractor,Responsible/coordinated,No charges filed,Yes,(i) Aviation safety; (ii) Research retaliation; (iii) Responsible disclosure,https://www.cnn.com/2015/05/17/us/fbi-hacker-flight-computer-systems
90,David Leroy Ross / City of Columbus,2024.0,Researcher demonstrated the severity of a ransomware breach after officials downplayed it and was sued by the city.,Institutional Suppression,Good faith (intended public benefit),Independent / contractor,Media-first,Civil suit / Injunction,Yes,(i) Government transparency; (ii) Whistleblowing; (iii) Retaliation against researchers,https://arstechnica.com/security/2024/08/city-of-columbus-sues-man-after-he-discloses-severity-of-ransomware-attack/
91,Felix Wilhelm v. FireEye,2015.0,FireEye obtained an injunction preventing a researcher from publicly discussing vulnerabilities.,Institutional Suppression,Good faith (intended public benefit),Independent / contractor,Responsible/coordinated,Civil suit / Injunction,Yes,(i) Suppressing vulnerability disclosure; (ii) Vendor legal retaliation,https://arstechnica.com/information-technology/2015/09/security-company-sues-to-bar-disclosure-related-to-its-own-flaws/
92,Josh Renaud / Missouri Teacher Database,2021.0,Journalist discovered exposed teacher SSNs in webpage source code and was publicly accused of hacking.,Legal Boundaries & CFAA Overreach,Good faith (intended public benefit),Journalist / activist / independent,Responsible/coordinated,No charges filed,Yes,(i) Viewing source code vs. hacking; (ii) Government retaliation; (iii) Press freedom,https://krebsonsecurity.com/2021/10/missouri-governor-vows-to-prosecute-st-louis-post-dispatch-for-reporting-security-vulnerability/
93,Andrew Lemon Cease-and-Desist,2024.0,Researcher reported a security flaw and allegedly received a cease-and-desist threatening legal action.,Institutional Suppression,Good faith (intended public benefit),Independent / contractor,Responsible/coordinated,Civil threat,Yes,(i) Legal intimidation; (ii) Responsible disclosure; (iii) Chilling effect,https://www.reuters.com/legal/us-sec-sues-citron-capital-founder-andrew-left-alleged-fraud-2024-07-26/
94,Keeper Security v. Ars Technica,2017.0,Keeper sued Ars Technica after reporting on a vulnerability found by Google's Project Zero.,Institutional Suppression,Good faith (intended public benefit),Journalist / activist / independent,Media-first,Civil suit / Injunction,Yes,(i) SLAPP lawsuits; (ii) Vendor accountability; (iii) Journalism and disclosure,https://www.securityweek.com/keeper-sues-ars-technica-over-reporting-critical-flaw/
